1057300720059; GERIATON; GERIATON; NOT FOUND; COM REV CT FR PLAS BCO X 30; A4H
1057300720042; GERIATON; GERIATON; NOT FOUND; DRG CT BL AL PLAS INC X 30; A4H
1057301210038; GINO CAUTEREX; GINO CAUTEREX; NOT FOUND; 1 UL + 666 U + 1.0MG UNG CT BG AL X 30 G + 6 APLIC; A4H
1057302160077; GASTRIUM; GASTRIUM; NOT FOUND; 10 MG CAP GEL DURA MICROG CT FR PLAS OPC X 14; A4H
1057302160093; GASTRIUM; GASTRIUM; NOT FOUND; 20 MG CAP GEL DURA MICROG CT FR PLAS OPC X 14; A4H
1057302160085; GASTRIUM; GASTRIUM; NOT FOUND; 20 MG CAP GEL DURA MICROG CT FR PLAS OPC X 7; A4H
1057302160042; GASTRIUM; GASTRIUM; NOT FOUND; 40MG CX C/7 CAPS; A4H
1057302160141; GASTRIUM; GASTRIUM; NOT FOUND; 20 MG CAP GEL DURA MICROG CT FR PLAS OPC X 28; A4H
1057302160158; GASTRIUM; GASTRIUM; NOT FOUND; 20 MG CAP GEL DURA MICROG CT FR PLAS OPC X 56; A4H
1057302160174; GASTRIUM; GASTRIUM; NOT FOUND; 40 MG CAP GEL DURA MICROG CT FR PLAS OPC X 7; A4H
1057302160190; GASTRIUM; GASTRIUM; NOT FOUND; 40 MG CAP GEL DURA MICROG CT FR PLAS OPC X 28; A4H
