517103801169412, NEOBAC, NEOBAC, NOT FOUND, TB C/ 10G, ELO
517103901163416, NEOCINA, NEOCINA, NOT FOUND, BG C/ 20 G, ELO
517104001115413, NICOSULFAN, NICOSULFAN, NOT FOUND, CX C/ 100 COM, ELO
517103801169412, NEOBAC, NEOBAC, NOT FOUND, TB C/ 10G, ELO
517103901163416, NEOCINA, NEOCINA, NOT FOUND, BG C/ 20 G, ELO
517104001115413, NICOSULFAN, NICOSULFAN, NOT FOUND, CX C/ 100 COM, ELO
517103801169412, NEOBAC, NEOBAC, NOT FOUND, TB C/ 10G, ELO
517103901163416, NEOCINA, NEOCINA, NOT FOUND, BG C/ 20 G, ELO
517104001115413, NICOSULFAN, NICOSULFAN, NOT FOUND, CX C/ 100 COM, ELO
517103801169412, NEOBAC, NEOBAC, NOT FOUND, TB C/ 10G, ELO
517103901163416, NEOCINA, NEOCINA, NOT FOUND, BG C/ 20 G, ELO
517104001115413, NICOSULFAN, NICOSULFAN, NOT FOUND, CX C/ 100 COM, ELO
517103801169412, NEOBAC, NEOBAC, NOT FOUND, TB C/ 10G, ELO
517103901163416, NEOCINA, NEOCINA, NOT FOUND, BG C/ 20 G, ELO
517104001115413, NICOSULFAN, NICOSULFAN, NOT FOUND, CX C/ 100 COM, ELO
517103801169412, NEOBAC, NEOBAC, NOT FOUND, TB C/ 10G, ELO
517103901163416, NEOCINA, NEOCINA, NOT FOUND, BG C/ 20 G, ELO
517104001115413, NICOSULFAN, NICOSULFAN, NOT FOUND, CX C/ 100 COM, ELO
517103801169412, NEOBAC, NEOBAC, NOT FOUND, TB C/ 10G, ELO
517103901163416, NEOCINA, NEOCINA, NOT FOUND, BG C/ 20 G, ELO
517104001115413, NICOSULFAN, NICOSULFAN, NOT FOUND, CX C/ 100 COM, ELO
517103801169412, NEOBAC, NEOBAC, NOT FOUND, TB C/ 10G, ELO
517103901163416, NEOCINA, NEOCINA, NOT FOUND, BG C/ 20 G, ELO
517104001115413, NICOSULFAN, NICOSULFAN, NOT FOUND, CX C/ 100 COM, ELO
517103801169412, NEOBAC, NEOBAC, NOT FOUND, TB C/ 10G, ELO
517103901163416, NEOCINA, NEOCINA, NOT FOUND, BG C/ 20 G, ELO
517104001115413, NICOSULFAN, NICOSULFAN, NOT FOUND, CX C/ 100 COM, ELO
517105701161416, NISUFAR, NISUFAR, NOT FOUND, 20 MG/G GEL CX 50 BG AL X 40 G (EMB HOSP), ELO
517105702168414, NISUFAR, NISUFAR, NOT FOUND, 20 MG/G GEL CT BG AL X 30 G, ELO
517105703164412, NISUFAR, NISUFAR, NOT FOUND, 20 MG/G GEL CT BG AL X 40 G, ELO
517105704160410, NISUFAR, NISUFAR, NOT FOUND, 20 MG/G GEL CX 50 BG AL X 30 G (EMB HOSP), ELO
517105701161416, NISUFAR, NISUFAR, NOT FOUND, 20 MG/G GEL CX 50 BG AL X 40 G (EMB HOSP), ELO
517103901163416, NEOCINA, NEOCINA, NOT FOUND, BG C/ 20 G, ELO
517105702168414, NISUFAR, NISUFAR, NOT FOUND, 20 MG/G GEL CT BG AL X 30 G, ELO
517105703164412, NISUFAR, NISUFAR, NOT FOUND, 20 MG/G GEL CT BG AL X 40 G, ELO
517105704160410, NISUFAR, NISUFAR, NOT FOUND, 20 MG/G GEL CX 50 BG AL X 30 G (EMB HOSP), ELO
517105701161416, NISUFAR, NISUFAR, NOT FOUND, 20 MG/G GEL CX 50 BG AL X 40 G (EMB HOSP), ELO
517103901163416, NEOCINA, NEOCINA, NOT FOUND, BG C/ 20 G, ELO
